Event,Result,WhiteElo,BlackElo,ECO,Opening,TimeControl,Termination,white_material,black_material,material_diff,white_pieces_attacked,white_attacked_value,black_pieces_attacked,black_attacked_value,attacked_diff,white_center_pieces,black_center_pieces,white_center_control,black_center_control,center_control_diff,white_extended_control,black_extended_control,extended_control_diff,white_can_castle_kingside,white_can_castle_queenside,black_can_castle_kingside,black_can_castle_queenside,white_has_castled,black_has_castled,white_castling_rights_count,black_castling_rights_count,white_mobility,black_mobility,mobility_diff,white_weighted_mobility,black_weighted_mobility,weighted_mobility_diff,position_advantage,center_advantage,aggression,pawn_structure,pieces_protected,degrees_of_freedom,opponent_aggression,queen_position,knight_position,bishop_position,rook_position,pawn_position,dof_x_material
Blitz,1,2045,2126,B56,Sicilian Defense: Classical Variation,300+0,Normal,38,38,0,3,7,4,8,1,1,1,3,3,0,12,11,1,0,0,0,0,0,1,0,0,45,42,3,195.0,0.0,195.0,-1,1,1,-2,-2,3,3,4,0,-1,2,0,3306.0
Blitz,1,1576,1588,A00,Hungarian Opening: Dutch Defense,180+0,Normal,38,37,1,1,1,3,5,4,0,1,4,3,1,14,9,5,0,0,0,0,1,1,0,0,46,33,13,185.0,0.0,185.0,6,5,2,0,0,13,5,5,0,1,0,0,2969.0
Blitz,1,2315,2282,E00,Catalan Opening,180+0,Normal,38,38,0,4,6,3,5,-1,1,2,4,4,0,10,10,0,0,0,0,0,1,1,0,0,40,38,2,142.0,0.0,142.0,-4,0,-1,0,-1,2,-3,0,2,-2,-3,0,2964.0
Blitz,1,1935,1988,A48,East Indian Defense,180+0,Normal,32,31,1,2,2,0,0,-2,1,0,4,2,2,11,8,3,1,1,0,0,0,0,2,0,46,39,7,182.0,0.0,182.0,3,3,-2,0,0,7,4,0,12,-6,1,2,2681.0
Blitz,-1,1885,1851,D00,"Queen's Pawn Game: Accelerated London System, Steinitz Countergambit",180+0,Normal,32,32,0,2,2,2,2,0,1,1,3,4,-1,10,12,-2,0,0,0,0,1,1,0,0,45,38,7,173.0,0.0,173.0,-4,-2,0,-1,-1,7,-3,-5,-10,11,0,-1,2656.0
Blitz,-1,1654,1701,A46,Indian Defense: London System,180+0,Normal,33,33,0,2,2,3,3,1,2,1,3,3,0,12,10,2,1,1,0,0,0,1,2,0,41,36,5,149.0,0.0,149.0,-1,2,1,1,-1,5,-1,-3,0,1,3,1,2541.0
Blitz,1,1816,1829,C30,King's Gambit Declined: Queen's Knight Defense,180+0,Normal,35,35,0,4,8,4,8,0,0,2,4,2,2,13,12,1,0,0,0,0,1,1,0,0,39,37,2,163.0,0.0,163.0,5,1,0,1,1,2,2,2,6,-3,0,0,2660.0
Blitz,-1,2040,1995,D00,Queen's Pawn Game: Accelerated London System,180+0,Normal,32,32,0,1,1,1,1,0,2,1,4,3,1,9,10,-1,0,0,0,0,1,0,0,0,28,34,-6,89.0,0.0,89.0,-2,-1,0,1,0,-6,3,-5,0,-1,-1,1,1984.0
Blitz,1,1559,1562,A00,Polish Opening: King's Indian Variation,180+0,Normal,36,33,3,5,5,2,2,-3,1,1,4,4,0,12,12,0,0,0,0,0,1,1,0,0,37,42,-5,152.0,0.0,152.0,-2,0,-3,0,2,-5,0,-3,8,-2,2,0,2718.0
Blitz,-1,1743,1758,C46,Three Knights Opening,180+0,Normal,32,33,-1,1,5,3,7,2,0,2,3,3,0,11,12,-1,0,0,1,0,0,0,0,1,44,35,9,185.0,0.0,185.0,4,-1,2,1,2,9,0,5,8,-5,4,-2,2563.0
Blitz,1,2078,2057,B00,"Nimzowitsch Defense: Kennedy Variation, Main Line",180+0,Normal,32,31,1,5,8,3,5,-3,1,2,3,4,-1,11,14,-3,0,0,0,0,1,1,0,0,4,36,-32,23.0,0.0,23.0,0,-3,-2,0,-1,-32,0,-1,8,-1,4,2,1244.0
Blitz,1,1443,1469,C45,Scotch Game,180+0,Normal,26,29,-3,1,1,3,3,2,0,0,2,3,-1,11,10,1,0,0,0,0,1,1,0,0,41,34,7,199.0,0.0,199.0,-2,1,2,-4,-3,7,2,0,0,2,6,-6,2052.0
Blitz,-1,1659,1629,A40,Englund Gambit: Hartlaub-Charlick Gambit,300+0,Normal,20,19,1,0,0,1,1,1,1,1,3,2,1,9,7,2,0,0,1,1,1,0,0,2,28,23,5,75.0,0.0,75.0,2,2,1,-1,0,5,2,0,0,2,4,2,997.0
Blitz,-1,1940,1926,B02,Alekhine Defense: Scandinavian Variation,180+0,Normal,31,34,-3,5,9,2,2,-7,1,1,4,3,1,12,10,2,1,1,1,1,0,0,2,2,33,47,-14,167.0,0.0,167.0,-5,2,-3,3,3,-14,-7,3,-6,-3,0,0,2621.0
Blitz,0,1809,1789,B01,Scandinavian Defense: Valencian Variation,180+0,Normal,37,36,1,1,1,2,4,3,0,0,2,4,-2,11,10,1,0,0,0,0,1,0,0,0,44,36,8,164.0,0.0,164.0,5,1,1,3,3,8,2,2,0,0,-1,2,2924.0
Blitz,1,1436,1504,B40,Sicilian Defense: French Variation,180+0,Normal,34,35,-1,4,8,1,1,-7,0,2,2,3,-1,8,13,-5,0,0,0,0,1,1,0,0,33,43,-10,96.0,0.0,96.0,-5,-5,-3,-1,2,-10,-6,-10,5,4,-3,-2,2627.0
Blitz,1,2047,2036,E61,King's Indian Defense: Smyslov Variation,180+0,Normal,38,38,0,3,3,2,4,1,1,1,4,4,0,13,12,1,0,0,0,0,1,1,0,0,41,37,4,157.0,0.0,157.0,4,1,-1,-1,0,4,3,2,2,1,-2,0,2964.0
Blitz,1,1858,1879,B33,Sicilian Defense: Lasker-Pelikan Variation,180+0,Normal,35,35,0,6,10,3,5,-5,1,2,4,3,1,10,11,-1,0,0,0,0,0,0,0,0,38,54,-16,170.0,0.0,170.0,-6,-1,-3,4,5,-16,-10,2,4,-8,-8,0,3220.0
Blitz,-1,1819,1819,A10,English Opening,180+0,Normal,38,38,0,3,5,3,5,0,2,1,2,4,-2,13,10,3,0,0,0,0,1,1,0,0,46,27,19,186.0,0.0,186.0,6,3,0,-2,-3,19,7,5,-5,5,2,0,2774.0
Blitz,1,1835,1923,D06,Queen's Gambit Declined: Baltic Defense,180+0,Normal,32,32,0,4,6,3,5,-1,1,0,3,3,0,11,10,1,0,0,0,0,1,1,0,0,38,35,3,192.0,0.0,192.0,3,1,-1,1,1,3,2,4,-3,5,-2,0,2336.0
Blitz,-1,2065,2108,C25,Vienna Game: Max Lange Defense,180+0,Normal,35,36,-1,3,5,3,3,-2,0,2,3,2,1,9,13,-4,1,1,0,0,0,1,2,0,33,40,-7,145.0,0.0,145.0,-5,-4,0,1,-1,-7,-6,-2,3,-7,2,-2,2595.0
Blitz,-1,2117,2126,B06,Modern Defense: Three Pawns Attack,180+0,Normal,23,25,-2,2,2,2,2,0,1,0,2,2,0,10,8,2,0,0,1,1,1,0,0,2,32,28,4,87.0,0.0,87.0,1,2,0,-1,-1,4,1,0,2,6,-2,-5,1436.0
Blitz,1,2042,2063,A40,English Defense,300+0,Normal,39,39,0,2,2,1,1,-1,2,0,4,3,1,12,9,3,0,0,1,1,0,0,0,2,29,40,-11,96.0,0.0,96.0,0,3,-1,1,3,-11,1,-1,-2,2,-1,0,2691.0
Blitz,1,1748,1710,B08,"Pirc Defense: Classical Variation, Schlechter Variation",300+3,Normal,34,34,0,2,12,5,17,5,0,0,3,2,1,13,9,4,0,0,0,0,1,0,0,0,53,31,22,260.0,0.0,260.0,11,4,3,-2,-3,22,10,13,-2,9,0,0,2856.0
Blitz,-1,1429,1425,D00,Queen's Pawn Game: Accelerated London System,300+3,Normal,33,33,0,2,4,3,5,1,1,1,3,3,0,12,11,1,0,0,0,0,1,1,0,0,38,38,0,168.0,0.0,168.0,-3,1,1,-1,-1,0,0,-6,0,0,5,0,2508.0
Blitz,-1,1518,1518,C20,King's Pawn Game: Napoleon Attack,300+0,Normal,36,38,-2,2,4,3,5,1,1,1,4,3,1,12,12,0,0,0,0,0,1,1,0,0,40,30,10,162.0,0.0,162.0,4,0,1,1,1,10,3,-1,5,-6,7,2,2580.0
Blitz,1,2425,2246,B12,"Caro-Kann Defense: Advance Variation, Tal Variation",300+0,Normal,31,31,0,2,2,1,3,1,1,1,3,4,-1,10,12,-2,0,0,0,0,1,0,0,0,42,40,2,192.0,0.0,192.0,0,-2,-1,1,0,2,4,2,-6,11,2,0,2542.0
Blitz,1,1714,1696,D02,Queen's Pawn Game: London System,300+0,Normal,29,30,-1,1,1,3,5,4,0,2,3,3,0,9,12,-3,0,0,0,0,1,1,0,0,35,35,0,158.0,0.0,158.0,1,-3,2,-1,-2,0,1,-1,-8,6,-1,-2,2065.0
Blitz,1,1438,1405,B27,Sicilian Defense: Jalalabad Variation,300+0,Normal,31,30,1,3,4,1,3,-1,0,1,2,3,-1,8,10,-2,0,0,0,0,0,1,0,0,4,42,-38,4.0,0.0,4.0,-4,-2,-2,1,1,-38,-6,-11,-3,4,0,2,1384.0
Blitz,1,1641,1632,B20,Sicilian Defense: Bowdler Attack,300+0,Normal,31,31,0,3,3,1,1,-2,1,1,2,3,-1,10,11,-1,0,0,0,0,1,1,0,0,33,37,-4,135.0,0.0,135.0,-4,-1,-2,0,0,-4,-3,-3,3,-7,3,0,2170.0
Blitz,-1,2283,2271,A06,Zukertort Opening,180+0,Normal,32,31,1,2,4,2,4,0,1,1,3,4,-1,10,11,-1,0,0,0,0,0,1,0,0,35,41,-6,137.0,0.0,137.0,-7,-1,0,-2,-3,-6,0,0,-8,4,-4,2,2391.0
Blitz,-1,1796,1821,C02,French Defense: Advance Variation,180+0,Normal,33,35,-2,5,9,3,7,-2,0,2,2,4,-2,8,13,-5,0,0,1,1,1,0,0,2,33,40,-7,134.0,0.0,134.0,-3,-5,-2,-2,-1,-7,-4,-2,-2,3,1,-4,2489.0
Blitz,1,2342,2374,A15,"English Opening: Anglo-Indian Defense, Anti-Anti-Grünfeld",180+2,Normal,22,22,0,0,0,1,1,1,0,0,2,2,0,7,7,0,0,0,0,0,0,1,0,0,25,26,-1,56.0,0.0,56.0,4,0,1,0,2,-1,0,0,-3,8,-4,0,1122.0
Blitz,1,1977,1953,B21,Sicilian Defense: Smith-Morra Gambit Accepted,180+2,Normal,24,26,-2,2,2,0,0,-2,0,0,3,4,-1,9,11,-2,0,0,0,0,0,0,0,0,29,47,-18,84.0,0.0,84.0,-2,-2,-2,2,3,-18,-4,0,-6,2,-7,2,1918.0
Blitz,-1,1651,1552,C45,Scotch Game,180+2,Normal,31,32,-1,2,4,1,1,-3,1,1,3,2,1,11,11,0,0,0,0,0,1,1,0,0,34,39,-5,127.0,0.0,127.0,2,0,-1,1,1,-5,4,-1,-8,12,-6,-1,2302.0
Blitz,1,1799,1735,C24,Bishop's Opening: Berlin Defense,180+2,Normal,36,34,2,5,7,3,7,0,1,1,3,3,0,12,11,1,0,0,0,0,1,1,0,0,35,44,-9,122.0,0.0,122.0,-2,1,-2,3,4,-9,-2,-1,-6,3,-8,4,2756.0
Blitz,1,1994,2013,C56,"Italian Game: Scotch Gambit, Max Lange Attack",180+2,Normal,26,26,0,1,1,1,1,0,1,1,3,3,0,11,8,3,0,0,0,0,1,1,0,0,41,31,10,224.0,0.0,224.0,2,3,0,-1,-1,10,4,6,0,0,1,0,1872.0
Blitz,-1,1838,1827,C51,"Italian Game: Evans Gambit, Anderssen Variation",180+2,Normal,33,34,-1,1,1,3,3,2,2,0,4,3,1,11,9,2,0,0,0,0,1,0,0,0,48,34,14,201.0,0.0,201.0,6,2,2,0,-1,14,9,2,8,-2,8,-1,2740.0
Blitz,-1,1779,1958,A20,English Opening: King's English Variation,300+4,Normal,33,34,-1,3,3,2,4,1,1,1,4,4,0,11,11,0,0,0,0,0,0,1,0,0,37,47,-10,157.0,0.0,157.0,-3,0,-1,-1,0,-10,-3,-1,2,-4,-3,-2,2819.0
Blitz,1,1975,1947,B01,Scandinavian Defense: Modern Variation,180+0,Normal,34,35,-1,1,1,2,4,3,2,1,2,2,0,12,10,2,0,0,0,0,1,1,0,0,46,35,11,203.0,0.0,203.0,8,2,1,0,0,11,7,5,0,2,2,-2,2789.0
Blitz,1,1919,1928,B21,Sicilian Defense: McDonnell Attack,180+0,Normal,31,31,0,2,2,2,4,2,1,0,3,3,0,13,9,4,0,0,0,0,1,1,0,0,47,40,7,194.0,0.0,194.0,5,4,0,0,0,7,5,-1,-6,11,-1,0,2697.0
Blitz,0,1765,1764,C46,Three Knights Opening: Winawer Defense,180+0,Normal,23,29,-6,4,6,2,12,6,1,2,2,3,-1,9,12,-3,0,0,0,0,1,1,0,0,27,52,-25,62.0,0.0,62.0,-9,-3,-2,2,1,-25,-7,-21,0,-2,-7,6,2129.0
Blitz,-1,1526,1466,B01,Scandinavian Defense,180+0,Normal,30,29,1,4,3,2,6,3,1,1,3,1,2,11,12,-1,1,1,0,0,0,1,2,0,2,39,-37,0.0,0.0,0.0,-5,-1,-2,1,-1,-37,-2,-1,0,-3,-8,2,1191.0
Blitz,-1,1818,1819,C25,Vienna Game: Max Lange Defense,180+0,Normal,32,32,0,2,4,4,4,0,2,1,2,1,1,10,10,0,0,0,0,0,1,1,0,0,49,39,10,221.0,0.0,221.0,4,0,2,0,-1,10,6,1,-3,6,4,0,2816.0
Blitz,-1,2086,2083,A05,King's Indian Attack: Symmetrical Defense,180+0,Normal,39,38,1,1,1,4,4,3,0,2,2,3,-1,10,12,-2,0,0,0,0,1,1,0,0,36,35,1,138.0,0.0,138.0,1,-2,3,0,-1,1,2,2,-7,2,-2,2,2734.0
Blitz,1,2151,2113,A45,Indian Defense,180+0,Normal,35,35,0,3,5,2,2,-3,0,1,3,2,1,11,12,-1,0,0,0,0,1,1,0,0,40,40,0,145.0,0.0,145.0,-4,-1,-1,-1,-1,0,-3,0,-2,4,-3,0,2800.0
Blitz,-1,1462,1458,A00,"Grob Opening: Grob Gambit, Fritz Gambit",180+0,Normal,37,37,0,2,4,3,3,-1,0,0,3,3,0,11,12,-1,0,0,0,0,1,1,0,0,35,41,-6,103.0,0.0,103.0,-7,-1,1,0,0,-6,-4,-5,1,-2,-2,0,2812.0
Blitz,1,1500,1352,B06,Modern Defense: Two Knights Variation,300+3,Normal,26,26,0,4,6,1,1,-5,1,0,3,3,0,11,10,1,0,0,0,0,1,1,0,0,39,35,4,115.0,0.0,115.0,1,1,-3,-1,-2,4,4,0,-6,9,4,0,1924.0
Blitz,-1,1531,1553,C44,Scotch Game: Scotch Gambit,300+3,Normal,33,35,-2,5,8,4,4,-4,1,2,3,4,-1,12,14,-2,0,0,0,0,1,0,0,0,7,55,-48,20.0,0.0,20.0,-5,-2,-1,0,-1,-48,-3,-5,0,-1,-4,-4,2156.0
Blitz,1,1815,1807,C28,"Vienna Game: Stanley Variation, Three Knights Variation",300+3,Normal,35,35,0,3,5,1,1,-4,1,2,2,4,-2,10,11,-1,0,0,0,0,1,1,0,0,37,34,3,144.0,0.0,144.0,-3,-1,-2,0,0,3,-4,0,-2,0,0,0,2485.0
Blitz,-1,1859,1922,A40,Queen's Pawn Game: Modern Defense,180+2,Normal,38,38,0,2,4,3,5,1,0,2,3,4,-1,9,13,-4,1,0,0,0,0,1,1,0,36,42,-6,118.0,0.0,118.0,-8,-4,1,-2,-2,-6,-7,-5,-8,3,-2,0,2964.0
Rapid,-1,1553,1509,B10,Caro-Kann Defense: Two Knights Attack,600+0,Normal,32,35,-3,2,2,2,2,0,0,1,3,4,-1,10,12,-2,0,0,0,0,1,1,0,0,32,31,1,120.0,0.0,120.0,-5,-2,0,0,-2,1,-2,3,-11,1,-1,0,2109.0
Rapid,1,1981,2054,A10,English Opening: Great Snake Variation,600+0,Normal,33,33,0,1,1,1,1,0,1,1,3,4,-1,11,10,1,0,0,0,0,0,1,0,0,35,24,11,161.0,0.0,161.0,4,1,0,-1,-3,11,4,6,-14,12,2,0,1947.0
Rapid,1,1683,1666,A00,Van't Kruijs Opening,600+0,Normal,33,33,0,2,2,4,6,4,0,1,3,2,1,9,10,-1,0,1,0,0,0,1,1,0,29,46,-17,90.0,0.0,90.0,-8,-1,2,0,0,-17,-6,-5,-5,3,-5,-5,2475.0
Rapid,1,1785,1717,C50,Italian Game: Giuoco Piano,600+0,Normal,33,33,0,0,0,0,0,0,1,1,3,3,0,8,10,-2,0,0,0,0,1,1,0,0,25,31,-6,96.0,0.0,96.0,-8,-2,0,0,-4,-6,-2,1,-8,0,-5,0,1848.0
Blitz,-1,2794,2654,C60,Ruy Lopez: Fianchetto Defense,180+0,Normal,35,35,0,3,5,3,3,-2,2,0,3,4,-1,12,12,0,0,0,0,0,1,0,0,0,35,32,3,135.0,0.0,135.0,1,0,0,0,2,3,1,3,2,0,-2,0,2345.0
Blitz,-1,2582,2590,A53,Old Indian Defense,180+0,Normal,35,35,0,2,4,2,4,0,0,0,3,3,0,11,12,-1,0,0,0,0,1,1,0,0,40,47,-7,161.0,0.0,161.0,-7,-1,0,0,0,-7,-5,3,0,-5,0,0,3045.0
Blitz,1,1701,1685,C41,Philidor Defense,180+0,Normal,25,24,1,2,4,1,3,-1,0,1,3,2,1,9,9,0,0,0,0,0,1,0,0,0,34,29,5,86.0,0.0,86.0,2,0,-1,1,-1,5,4,0,-5,5,-2,2,1546.0
Blitz,1,1725,1726,B23,Sicilian Defense: Grand Prix Attack,180+0,Normal,33,33,0,2,4,2,2,-2,1,0,4,3,1,12,11,1,0,0,0,0,1,1,0,0,37,35,2,152.0,0.0,152.0,1,1,0,1,0,2,1,1,4,-2,1,0,2376.0
Blitz,-1,2208,2246,C60,Ruy Lopez: Cozio Defense,180+0,Normal,36,36,0,5,7,1,1,-6,2,1,3,4,-1,11,10,1,1,1,1,1,0,0,2,2,40,27,13,142.0,0.0,142.0,4,1,-4,0,-2,13,3,3,-4,10,3,0,2412.0
Blitz,1,2550,2566,B41,"Sicilian Defense: Kan Variation, Maróczy Bind, Réti Variation",180+0,Normal,37,35,2,5,9,3,5,-4,2,0,3,4,-1,11,12,-1,0,0,1,1,1,0,0,2,40,49,-9,152.0,0.0,152.0,-1,-1,-2,0,2,-9,-3,-2,10,-1,-2,-1,3195.0
Blitz,-1,1782,1788,C44,Scotch Game: Scotch Gambit,180+0,Normal,35,34,1,2,2,2,4,2,1,1,4,3,1,12,11,1,0,0,0,0,1,1,0,0,33,43,-10,158.0,0.0,158.0,3,1,0,2,2,-10,1,1,-8,5,-3,2,2617.0
Blitz,-1,2123,2104,D31,Semi-Slav Defense: Accelerated Move Order,180+0,Normal,33,33,0,3,5,3,5,0,2,2,3,3,0,11,12,-1,0,0,0,0,1,1,0,0,35,35,0,131.0,0.0,131.0,1,-1,0,0,1,0,0,0,4,3,-10,0,2310.0
Blitz,-1,1585,1634,B00,Pirc Defense,180+0,Normal,32,35,-3,3,7,4,4,-3,1,0,2,3,-1,10,10,0,0,0,0,0,1,0,0,0,38,42,-4,157.0,0.0,157.0,-1,0,1,1,0,-4,3,3,2,-5,-2,1,2686.0
Blitz,1,2062,1986,B00,Pirc Defense,180+0,Normal,34,34,0,1,0,4,6,6,1,0,2,1,1,11,7,4,0,0,1,1,0,0,0,2,1,31,-30,0.0,0.0,0.0,5,4,3,-3,0,-30,-2,0,10,7,7,-5,1088.0
Blitz,1,1573,1581,A38,"English Opening: Symmetrical Variation, Duchamp Variation",180+2,Normal,37,37,0,2,2,2,4,2,0,1,4,4,0,11,11,0,0,0,0,0,1,1,0,0,38,42,-4,143.0,0.0,143.0,0,0,0,1,1,-4,0,-4,0,0,-3,1,2960.0
Blitz,1,2044,2095,A02,"Bird Opening: From's Gambit, Langheld Gambit",180+2,Normal,29,30,-1,3,2,2,4,2,2,0,3,1,2,14,6,8,0,1,1,1,0,0,1,2,9,39,-30,29.0,0.0,29.0,2,8,-1,2,4,-30,-3,1,6,1,-6,3,1431.0
Blitz,1,1420,1438,C50,Italian Game: Paris Defense,180+2,Normal,24,23,1,1,1,2,2,1,1,1,4,2,2,10,8,2,0,0,0,0,1,0,0,0,22,32,-10,52.0,0.0,52.0,3,2,1,1,1,-10,3,0,3,-5,-8,2,1264.0
Blitz,-1,2164,2268,A02,Bird Opening,180+2,Normal,38,38,0,3,5,1,1,-4,1,1,3,4,-1,11,12,-1,0,0,0,0,1,1,0,0,38,44,-6,163.0,0.0,163.0,-1,-1,-2,0,3,-6,-3,2,2,-5,0,0,3116.0
Blitz,1,1620,1613,C29,"Vienna Game: Vienna Gambit, Main Line",180+2,Normal,30,30,0,4,7,1,1,-6,0,0,3,2,1,10,9,1,0,0,0,0,1,0,0,0,7,43,-36,27.0,0.0,27.0,-3,1,-3,0,2,-36,-3,2,0,1,7,0,1500.0
Blitz,1,1553,1569,B08,Pirc Defense: Classical Variation,180+2,Normal,30,31,-1,2,2,1,3,1,1,2,2,3,-1,10,11,-1,0,0,1,0,1,0,0,1,39,42,-3,175.0,0.0,175.0,-6,-1,-1,-2,-1,-3,-1,-2,0,1,0,-2,2472.0
Blitz,1,1921,1540,B00,Owen Defense,0+5,Normal,34,34,0,2,2,1,1,-1,2,1,3,4,-1,13,11,2,0,0,1,1,1,0,0,2,39,40,-1,145.0,0.0,145.0,6,2,-1,0,1,-1,6,-1,-6,12,0,0,2686.0
Blitz,1,1985,2011,C40,Elephant Gambit,180+0,Normal,26,25,1,1,1,1,1,0,0,1,2,2,0,10,8,2,1,1,0,0,0,0,2,0,30,36,-6,67.0,0.0,67.0,7,2,0,1,1,-6,8,0,-6,2,-3,2,1680.0
Blitz,-1,1550,1455,D10,Slav Defense,180+2,Normal,33,34,-1,2,4,4,6,2,1,2,3,2,1,11,11,0,0,0,0,0,1,1,0,0,46,33,13,196.0,0.0,196.0,2,0,2,-1,-3,13,-1,3,8,-9,0,-3,2640.0
Blitz,1,1713,1759,C34,King's Gambit Accepted: MacLeod Defense,180+2,Normal,32,34,-2,2,2,1,1,-1,2,0,4,4,0,12,9,3,0,0,0,0,1,1,0,0,38,31,7,148.0,0.0,148.0,4,3,-1,3,3,7,5,5,-6,3,3,2,2270.0
Blitz,-1,1596,1617,C41,Philidor Defense: Exchange Variation,180+2,Normal,34,32,2,5,15,3,7,-8,0,2,4,3,1,14,10,4,0,0,0,0,1,1,0,0,48,43,5,217.0,0.0,217.0,1,4,-2,2,2,5,-1,2,-8,12,2,-2,3008.0
Blitz,1,1668,1634,C30,King's Gambit Declined: Queen's Knight Defense,180+2,Normal,33,32,1,2,6,4,10,4,0,2,2,3,-1,10,12,-2,0,0,0,0,0,1,0,0,41,54,-13,179.0,0.0,179.0,-4,-2,2,0,2,-13,-5,-5,6,-5,-4,-3,3081.0
Blitz,1,1680,1770,C45,Scotch Game: Classical Variation,180+2,Normal,34,31,3,3,13,4,8,-5,1,0,4,3,1,14,8,6,0,0,0,0,0,1,0,0,58,38,20,281.0,0.0,281.0,10,6,1,1,0,20,7,7,-2,9,1,0,3150.0
Blitz,1,2040,2052,B34,"Sicilian Defense: Accelerated Dragon, Exchange Variation",180+2,Normal,32,32,0,3,3,1,3,0,1,0,4,4,0,11,11,0,0,0,0,0,1,1,0,0,37,38,-1,139.0,0.0,139.0,-4,0,-2,2,1,-1,-2,-5,0,4,1,0,2400.0
Blitz,-1,1826,1890,D10,Slav Defense: Exchange Variation,180+2,Normal,23,26,-3,1,3,1,1,-2,0,1,2,1,1,10,9,1,1,0,1,1,0,0,1,2,37,30,7,110.0,0.0,110.0,4,1,0,-4,-1,7,2,0,5,1,8,-6,1631.0
Blitz,-1,1736,1743,A40,Queen's Pawn Game,300+0,Normal,34,34,0,5,19,3,5,-14,1,1,2,3,-1,9,11,-2,0,0,0,0,1,1,0,0,34,45,-11,127.0,0.0,127.0,-3,-2,-2,-1,-1,-11,-2,-4,6,-11,-7,0,2686.0
Blitz,1,1561,1570,C23,Bishop's Opening,300+0,Normal,29,26,3,2,2,2,4,2,1,1,3,4,-1,11,11,0,1,1,0,0,0,1,2,0,41,24,17,101.0,0.0,101.0,3,0,0,-1,-2,17,5,0,3,11,1,-1,1813.0
Blitz,1,1468,1444,B00,Pirc Defense,300+0,Normal,38,39,-1,3,3,2,2,-1,1,1,4,3,1,11,11,0,1,1,1,1,0,0,2,2,38,46,-8,130.0,0.0,130.0,-8,0,-1,0,0,-8,-5,-3,4,-3,-1,-2,3238.0
Blitz,-1,2041,1954,A40,Englund Gambit: Hartlaub-Charlick Gambit,300+0,Normal,22,26,-4,3,9,3,9,0,0,1,2,4,-2,9,12,-3,0,0,0,0,1,1,0,0,35,43,-8,100.0,0.0,100.0,-6,-3,0,0,-2,-8,-6,0,-8,-1,-1,-2,1888.0
Rapid,1,1728,1631,C41,Philidor Defense,480+3,Normal,32,30,2,1,1,2,6,5,1,0,3,3,0,11,10,1,0,0,0,0,1,1,0,0,27,30,-3,123.0,0.0,123.0,-1,1,1,1,1,-3,-2,4,-6,-2,1,0,1764.0
Blitz,-1,2230,2291,B06,Rat Defense: Accelerated Gurgenidze,60+3,Normal,35,35,0,4,4,2,2,-2,2,1,4,4,0,14,11,3,0,0,1,1,1,0,0,2,36,34,2,130.0,0.0,130.0,2,3,-2,-1,0,2,3,-2,-2,7,-1,0,2450.0
Blitz,-1,2230,2302,B12,"Caro-Kann Defense: Advance Variation, Van der Wiel Attack",60+3,Normal,32,32,0,1,1,0,0,-1,2,1,3,3,0,13,10,3,0,0,0,1,0,0,0,1,39,40,-1,191.0,0.0,191.0,2,3,-1,1,0,-1,5,9,2,-3,-5,0,2528.0
Rapid,-1,2077,2241,B20,Sicilian Defense: Mengarini Variation,600+0,Normal,24,25,-1,2,2,4,8,6,1,1,3,2,1,10,11,-1,0,0,1,0,1,0,0,1,38,42,-4,108.0,0.0,108.0,-5,-1,2,1,0,-4,-4,0,10,-11,-2,-2,1962.0
Rapid,1,1909,1981,D00,Queen's Pawn Game: Accelerated London System,600+0,Normal,35,35,0,1,3,1,3,0,0,2,3,3,0,9,12,-3,0,0,1,1,1,0,0,2,42,43,-1,169.0,0.0,169.0,1,-3,0,0,1,-1,-1,-1,-10,10,0,0,2975.0
Rapid,-1,1704,1730,A30,English Opening: Symmetrical Variation,600+0,Normal,36,36,0,2,2,2,2,0,1,1,3,4,-1,11,12,-1,0,0,0,0,1,0,0,0,37,35,2,175.0,0.0,175.0,1,-1,0,0,1,2,-1,5,-4,-2,2,0,2592.0
Rapid,-1,1736,1758,A50,Indian Defense: Normal Variation,600+0,Normal,36,36,0,2,2,2,2,0,1,1,3,3,0,12,10,2,0,0,0,0,1,1,0,0,45,24,21,175.0,0.0,175.0,10,2,0,0,1,21,10,2,2,7,9,0,2484.0
Rapid,-1,1553,1560,C60,Ruy Lopez: Cozio Defense,600+0,Normal,34,33,1,4,14,3,9,-5,0,1,3,2,1,12,10,2,0,0,0,0,1,1,0,0,48,43,5,236.0,0.0,236.0,-1,2,-1,0,-1,5,1,9,-5,-6,1,2,3051.0
Rapid,1,1568,1581,A20,English Opening: King's English Variation,600+0,Normal,23,23,0,0,0,1,1,1,0,1,2,1,1,7,6,1,0,0,1,0,1,0,0,1,25,28,-3,71.0,0.0,71.0,2,1,1,0,0,-3,0,0,2,-3,5,1,1219.0
Rapid,-1,2079,2106,B56,Sicilian Defense: Classical Variation,600+0,Normal,28,29,-1,2,3,2,4,1,1,0,4,3,1,11,8,3,0,0,1,1,1,0,0,2,5,31,-26,17.0,0.0,17.0,4,3,0,1,2,-26,-1,-1,8,-18,4,4,1039.0
Blitz,0,2182,2150,D20,Queen's Gambit Accepted,180+0,Normal,31,31,0,3,11,4,14,3,1,1,3,2,1,12,9,3,0,0,0,0,1,1,0,0,39,32,7,174.0,0.0,174.0,7,3,1,0,0,7,6,-3,-11,17,5,0,2201.0
Blitz,-1,1913,1881,A00,Saragossa Opening,180+0,Normal,36,36,0,3,11,3,3,-8,0,2,3,3,0,10,11,-1,1,1,0,0,0,1,2,0,29,44,-15,112.0,0.0,112.0,-2,-1,0,1,-1,-15,-3,-2,-11,5,-7,0,2628.0
Blitz,-1,2213,2259,B08,Pirc Defense: Classical Variation,180+2,Normal,38,38,0,4,4,0,0,-4,2,0,4,3,1,12,10,2,0,0,0,0,1,1,0,0,39,40,-1,133.0,0.0,133.0,-1,2,-4,-1,0,-1,1,3,2,-1,0,0,3002.0
Blitz,-1,1639,1636,B20,Sicilian Defense: Bowdler Attack,300+3,Normal,28,28,0,1,1,1,1,0,2,1,2,2,0,11,10,1,0,0,0,0,1,1,0,0,35,40,-5,155.0,0.0,155.0,-2,1,0,1,0,-5,1,-3,0,-3,1,0,2100.0
Rapid,1,1482,1522,C23,Bishop's Opening,900+5,Normal,32,29,3,2,4,3,5,1,2,0,3,3,0,12,9,3,0,0,0,0,1,0,0,0,40,35,5,172.0,0.0,172.0,3,3,1,2,1,5,2,6,0,-6,10,2,2295.0
Blitz,-1,1430,1527,A10,English Opening: Anglo-Scandinavian Defense,180+0,Normal,34,31,3,3,11,3,7,-4,0,0,4,4,0,12,12,0,0,0,0,0,1,0,0,0,44,45,-1,222.0,0.0,222.0,3,0,0,-1,2,-1,1,-1,10,-4,1,0,2891.0
Blitz,1,2198,2173,A57,Benko Gambit,180+0,Normal,38,39,-1,4,4,3,3,-1,1,1,4,3,1,12,10,2,0,0,0,0,1,1,0,0,36,32,4,117.0,0.0,117.0,-1,2,-1,-3,-3,4,0,1,4,-2,1,-2,2616.0
Blitz,1,1976,1945,C30,King's Gambit,180+0,Normal,31,31,0,2,2,3,5,3,1,0,3,2,1,12,8,4,0,0,1,1,1,0,0,2,46,36,10,195.0,0.0,195.0,2,4,1,0,2,10,-2,2,5,0,7,0,2542.0
Blitz,1,1706,1743,C00,French Defense: Normal Variation,180+0,Normal,32,33,-1,3,5,2,8,3,1,1,2,2,0,10,11,-1,0,0,0,0,1,1,0,0,36,31,5,139.0,0.0,139.0,2,-1,-1,-2,-1,5,5,0,-4,15,-4,-2,2175.0
Blitz,1,2316,2253,A45,Indian Defense,180+0,Normal,33,34,-1,2,4,2,2,-2,0,1,3,4,-1,9,11,-2,0,0,0,0,1,1,0,0,34,39,-5,151.0,0.0,151.0,2,-2,0,0,2,-5,0,-1,0,0,-6,-2,2448.0
Blitz,1,2061,2057,C67,"Ruy Lopez: Open Berlin Defense, l'Hermet Variation",180+0,Normal,31,32,-1,2,2,4,4,2,0,0,4,3,1,12,11,1,0,0,0,0,1,1,0,0,46,37,9,196.0,0.0,196.0,0,1,2,-2,-2,9,4,1,8,-11,10,-1,2610.0
Blitz,1,2160,2159,C56,"Italian Game: Scotch Gambit, Walbrodt-Baird Gambit",180+0,Normal,22,22,0,2,2,1,3,1,0,0,4,2,2,10,8,2,0,0,0,0,1,0,0,0,37,27,10,120.0,0.0,120.0,7,2,-1,2,2,10,3,0,0,-4,4,0,1408.0
Blitz,-1,1788,1749,D02,Queen's Pawn Game: Chigorin Variation,180+0,Normal,33,35,-2,2,10,0,0,-10,1,2,2,2,0,7,10,-3,0,0,1,1,1,0,0,2,26,48,-22,97.0,0.0,97.0,-9,-3,-2,1,1,-22,-7,-2,0,-11,-3,2,2538.0
Blitz,-1,2152,2210,A45,Indian Defense,180+0,Normal,22,31,-9,5,6,1,9,3,0,0,1,3,-2,5,11,-6,1,1,0,0,0,1,2,0,2,30,-28,3.0,0.0,3.0,-10,-6,-4,0,-1,-28,-9,-13,3,-7,4,0,974.0
Blitz,0,1696,1673,D02,"Queen's Pawn Game: Symmetrical Variation, Pseudo-Catalan",180+0,Normal,35,35,0,3,5,4,6,1,1,1,4,2,2,14,9,5,0,0,0,0,1,1,0,0,44,38,6,203.0,0.0,203.0,4,5,1,0,0,6,2,2,2,-2,3,0,2870.0
Blitz,-1,2253,2249,A40,Queen's Pawn Game: Modern Defense,180+0,Normal,34,34,0,5,9,1,1,-8,2,0,3,3,0,13,10,3,0,0,0,0,1,1,0,0,44,45,-1,179.0,0.0,179.0,4,3,-4,0,0,-1,3,-3,0,5,3,0,3026.0
Blitz,-1,1794,1796,C40,King's Pawn Game: McConnell Defense,180+0,Normal,35,35,0,3,11,2,2,-9,1,1,3,4,-1,11,12,-1,0,0,1,1,1,0,0,2,38,38,0,146.0,0.0,146.0,3,-1,-1,1,2,0,3,-5,-3,10,6,0,2660.0
Blitz,1,2103,2063,B00,Pirc Defense,180+0,Normal,33,38,-5,2,10,3,9,-1,2,0,4,3,1,14,11,3,0,0,0,0,1,1,0,0,36,43,-7,128.0,0.0,128.0,-3,3,1,0,0,-7,-2,-2,0,4,-11,0,2822.0
Blitz,0,1522,1567,B06,Modern Defense,300+0,Normal,29,33,-4,2,2,4,6,4,1,0,4,4,0,12,9,3,0,0,0,0,1,1,0,0,41,36,5,206.0,0.0,206.0,1,3,2,0,-1,5,4,4,5,-15,7,4,2377.0
Blitz,1,2080,2058,C44,Scotch Game: Lolli Variation,300+0,Normal,29,32,-3,2,4,3,5,1,1,1,4,2,2,12,9,3,0,0,0,0,1,1,0,0,40,29,11,179.0,0.0,179.0,2,3,1,-1,-1,11,2,3,-8,1,10,1,2088.0
Blitz,1,1578,1588,C00,French Defense,300+0,Normal,34,36,-2,3,3,5,17,14,1,1,3,3,0,12,12,0,1,1,0,0,0,1,2,0,54,42,12,220.0,0.0,220.0,0,0,2,0,-6,12,5,0,5,-5,-2,1,3348.0
Blitz,-1,1645,1722,A00,Polish Opening,300+0,Normal,32,35,-3,2,6,3,5,-1,0,1,3,4,-1,11,11,0,0,0,0,0,1,1,0,0,34,33,1,157.0,0.0,157.0,-1,0,1,0,-1,1,-1,3,-5,-5,2,0,2243.0
Blitz,1,2045,2060,B21,"Sicilian Defense: Smith-Morra Gambit Declined, Push Variation",180+0,Normal,35,35,0,5,7,3,5,-2,1,1,4,3,1,12,13,-1,0,0,0,0,1,1,0,0,41,47,-6,169.0,0.0,169.0,-1,-1,-2,-1,0,-6,-2,-1,0,-4,-1,0,3080.0
Blitz,-1,1759,1756,C33,King's Gambit Accepted: Gaga Gambit,300+0,Normal,30,37,-7,3,4,3,7,3,1,1,3,2,1,10,13,-3,0,0,0,1,0,0,0,1,2,47,-45,0.0,0.0,0.0,-15,-3,0,-1,-4,-45,-11,-6,-8,2,-8,-4,1799.0
Blitz,1,1695,1589,B45,"Sicilian Defense: Taimanov Variation, Normal Variation",300+0,Normal,37,38,-1,3,7,4,8,1,1,0,4,3,1,13,13,0,0,1,0,0,0,1,1,0,45,36,9,190.0,0.0,190.0,1,0,1,-3,-4,9,3,3,5,4,0,-1,3033.0
Blitz,1,1538,1496,D15,Slav Defense: Three Knights Variation,300+0,Normal,32,32,0,2,2,2,2,0,1,1,4,4,0,11,11,0,0,0,0,0,1,1,0,0,43,40,3,200.0,0.0,200.0,-1,0,0,0,-1,3,1,0,8,-7,3,0,2656.0
Blitz,-1,1871,1869,C21,Danish Gambit Accepted,300+0,Normal,23,25,-2,0,0,2,2,2,0,1,3,4,-1,7,10,-3,0,0,0,0,1,0,0,0,31,35,-4,90.0,0.0,90.0,-1,-3,2,-2,1,-4,-2,0,-2,0,4,-4,1588.0
Blitz,-1,2229,2251,C48,"Four Knights Game: Spanish Variation, Classical Variation",300+0,Normal,31,32,-1,1,3,1,1,-2,1,0,4,3,1,12,9,3,0,0,0,0,1,0,0,0,49,28,21,209.0,0.0,209.0,8,3,0,1,-1,21,8,5,8,-12,8,3,2415.0
Blitz,1,1543,1562,D00,Queen's Pawn Game,300+0,Normal,26,26,0,3,5,3,3,-2,2,1,3,3,0,13,12,1,0,0,0,0,0,0,0,0,30,32,-2,73.0,0.0,73.0,6,1,0,2,2,-2,5,0,5,-5,-1,0,1612.0
Blitz,1,1454,1438,C44,Ponziani Opening: Jaenisch Counterattack,300+0,Normal,31,32,-1,4,6,5,13,7,2,1,3,3,0,14,13,1,0,0,0,0,1,0,0,0,44,35,9,205.0,0.0,205.0,7,1,1,-1,3,9,1,-2,3,8,10,-2,2484.0
Blitz,1,1523,1545,D02,Queen's Pawn Game: London System,180+2,Normal,34,32,2,2,2,2,6,4,1,1,3,4,-1,12,11,1,0,0,0,0,0,0,0,0,37,40,-3,187.0,0.0,187.0,2,1,0,-1,-2,-3,1,2,-11,-1,6,1,2538.0
Blitz,1,1615,1603,B12,"Caro-Kann Defense: Advance Variation, Botvinnik-Carls Defense",180+2,Normal,28,29,-1,3,13,1,1,-12,1,1,4,2,2,11,10,1,0,0,1,1,1,0,0,2,36,35,1,170.0,0.0,170.0,1,1,-2,-1,1,1,0,1,8,-6,4,-2,2023.0
Blitz,1,1617,1622,B21,Sicilian Defense: Smith-Morra Gambit,180+2,Normal,35,35,0,1,1,1,1,0,1,0,4,2,2,13,9,4,0,0,0,0,1,1,0,0,45,33,12,161.0,0.0,161.0,5,4,0,1,2,12,5,1,4,3,6,0,2730.0
Blitz,1,1445,1478,A40,Horwitz Defense,180+2,Normal,34,36,-2,3,3,2,6,3,2,1,3,4,-1,11,8,3,0,0,0,0,1,1,0,0,35,31,4,149.0,0.0,149.0,2,3,-1,-1,0,4,0,4,-6,3,-3,1,2306.0
Blitz,1,1655,1640,C64,Ruy Lopez: Classical Variation,180+2,Normal,32,32,0,2,4,3,3,-1,0,1,3,3,0,10,11,-1,0,0,0,0,0,1,0,0,41,33,8,137.0,0.0,137.0,0,-1,1,-1,0,8,0,-5,0,6,5,0,2368.0
Blitz,0,1982,1999,C10,French Defense: Paulsen Variation,180+0,Normal,26,22,4,3,5,3,3,-2,1,0,3,3,0,12,9,3,0,0,0,0,1,0,0,0,44,29,15,136.0,0.0,136.0,5,3,0,0,0,15,9,0,10,-3,8,3,1782.0
Blitz,0,1583,1566,B50,Sicilian Defense: Modern Variations,180+0,Normal,22,23,-1,1,1,1,1,0,0,1,1,2,-1,8,10,-2,0,0,0,0,1,0,0,0,32,28,4,91.0,0.0,91.0,2,-2,0,-1,1,4,2,0,2,4,1,-3,1348.0
Blitz,1,2120,2077,B21,Sicilian Defense: Smith-Morra Gambit,180+0,Normal,34,35,-1,2,4,4,6,2,0,1,3,4,-1,11,11,0,0,0,0,0,1,1,0,0,40,36,4,155.0,0.0,155.0,-1,0,2,-2,-2,4,-1,-3,-10,8,2,-2,2620.0
Blitz,1,1950,1958,D00,Queen's Pawn Game: Accelerated London System,180+0,Normal,30,31,-1,0,0,1,3,3,1,1,3,3,0,12,10,2,0,0,0,0,1,1,0,0,49,31,18,238.0,0.0,238.0,7,2,1,0,0,18,5,1,3,6,5,-2,2431.0
Blitz,1,1865,1837,E71,King's Indian Defense: Makogonov Variation,180+0,Normal,37,37,0,1,3,2,2,-1,1,1,4,2,2,13,10,3,1,1,0,0,0,0,2,0,44,31,13,169.0,0.0,169.0,7,3,1,-1,1,13,6,3,4,6,1,0,2775.0
Blitz,-1,1526,1565,B01,Scandinavian Defense: Modern Variation,180+0,Normal,22,23,-1,2,6,1,5,-1,0,0,3,3,0,9,10,-1,0,0,0,0,1,1,0,0,31,41,-10,97.0,0.0,97.0,-5,-1,-1,0,0,-10,-6,0,8,-14,0,-2,1625.0
Blitz,1,2059,2032,C41,Philidor Defense: Morphy Gambit,180+0,Normal,32,25,7,2,2,4,8,6,1,1,4,1,3,13,10,3,0,0,0,0,1,1,0,0,45,28,17,221.0,0.0,221.0,7,3,2,1,1,17,3,18,-6,3,5,2,2140.0
Blitz,-1,2298,2229,B00,Nimzowitsch Defense: Williams Variation,180+0,Normal,35,35,0,2,2,2,2,0,1,0,4,4,0,13,11,2,0,0,0,0,1,1,0,0,38,30,8,130.0,0.0,130.0,4,2,0,1,1,8,3,-1,8,-3,4,0,2380.0
Blitz,-1,1810,1824,D11,Slav Defense: Modern Line,180+0,Normal,31,31,0,0,0,2,4,4,0,0,4,3,1,12,9,3,0,0,1,1,0,0,0,2,50,31,19,218.0,0.0,218.0,9,3,2,0,0,19,9,6,0,1,7,0,2511.0
Rapid,-1,1401,1942,B40,Sicilian Defense: Four Knights Variation,600+0,Normal,31,35,-4,2,4,3,5,1,1,1,4,2,2,12,11,1,0,0,0,0,1,1,0,0,42,41,1,182.0,0.0,182.0,-7,1,1,0,0,1,-4,7,8,-15,0,-2,2737.0
Rapid,-1,1716,1827,B20,Sicilian Defense: Bowdler Attack,600+0,Normal,35,37,-2,3,5,1,3,-2,1,1,3,4,-1,11,11,0,1,1,0,0,0,1,2,0,34,38,-4,145.0,0.0,145.0,-2,0,-2,0,-2,-4,0,5,-9,-3,0,1,2596.0
Rapid,-1,1515,1452,D00,Queen's Pawn Game: Levitsky Attack,600+0,Normal,32,33,-1,2,4,3,3,-1,0,2,3,4,-1,10,13,-3,0,0,0,0,1,1,0,0,40,31,9,183.0,0.0,183.0,0,-3,1,-4,-5,9,1,2,0,0,0,-1,2303.0
Rapid,-1,2152,2039,E76,King's Indian Defense: Four Pawns Attack,600+0,Normal,32,32,0,3,11,5,11,0,2,1,4,4,0,15,10,5,0,0,0,0,1,1,0,0,45,35,10,185.0,0.0,185.0,11,5,2,1,1,10,11,1,-8,10,3,0,2560.0
Rapid,1,1732,1766,C43,Petrov's Defense: Modern Attack,600+0,Normal,27,25,2,3,12,4,16,4,0,0,2,3,-1,10,13,-3,0,0,0,0,1,1,0,0,5,41,-36,23.0,0.0,23.0,-4,-3,1,-1,0,-36,-5,-6,0,8,1,-2,1160.0
Rapid,1,1593,1636,A40,Englund Gambit: Hartlaub-Charlick Gambit,600+0,Normal,32,31,1,3,3,2,2,-1,0,0,4,2,2,10,8,2,0,0,0,0,1,1,0,0,32,35,-3,147.0,0.0,147.0,1,2,-1,3,3,-3,-3,6,2,-5,-3,2,2109.0
Rapid,-1,1999,1931,C22,Center Game: Normal Variation,600+0,Normal,32,32,0,2,6,2,2,-4,1,1,4,3,1,10,11,-1,0,0,0,0,1,1,0,0,40,37,3,201.0,0.0,201.0,0,-1,0,0,-1,3,4,2,6,-8,5,0,2464.0
Blitz,-1,2359,2470,A40,Queen's Pawn Game,180+0,Normal,33,33,0,2,4,1,1,-3,2,0,4,4,0,13,9,4,0,0,1,0,1,0,0,1,33,30,3,121.0,0.0,121.0,4,4,-1,1,3,3,3,-1,9,1,0,0,2079.0
Blitz,1,1884,1963,A43,"Benoni Defense: Old Benoni, Mujannah Formation",180+2,Normal,37,37,0,1,1,2,2,1,1,0,4,4,0,13,11,2,0,0,0,0,1,1,0,0,37,52,-15,154.0,0.0,154.0,-2,2,1,1,2,-15,-1,-2,2,1,-8,0,3293.0
Rapid,-1,1739,1749,D00,Queen's Pawn Game: Chigorin Variation,600+5,Normal,26,25,1,1,3,2,2,-1,2,1,2,3,-1,10,8,2,0,0,0,0,1,1,0,0,32,27,5,89.0,0.0,89.0,4,2,1,1,0,5,4,0,8,-5,1,2,1507.0
Rapid,1,1735,1675,C34,King's Gambit Accepted: MacLeod Defense,600+5,Normal,34,37,-3,3,11,4,6,-5,1,1,4,3,1,13,11,2,0,0,0,0,1,0,0,0,52,40,12,234.0,0.0,234.0,2,2,1,-1,-1,12,2,6,-8,2,4,0,3248.0
Rapid,1,1518,1512,B10,Caro-Kann Defense,600+5,Normal,31,32,-1,3,5,3,5,0,0,2,3,4,-1,9,14,-5,0,0,0,0,1,1,0,0,31,44,-13,148.0,0.0,148.0,-9,-5,0,-2,-2,-13,-7,-2,0,-4,-5,-2,2369.0
Blitz,-1,1998,1961,B01,Scandinavian Defense: Modern Variation,300+3,Normal,21,23,-2,2,2,0,0,-2,1,1,0,1,-1,7,6,1,0,0,1,1,0,0,0,2,21,26,-5,35.0,0.0,35.0,-5,1,-2,1,0,-5,-3,0,-8,-1,0,2,1039.0
Blitz,-1,1638,1623,A25,"English Opening: King's English Variation, Reversed Closed Sicilian",300+3,Normal,33,34,-1,2,2,2,2,0,0,2,2,3,-1,8,13,-5,0,0,1,0,1,0,0,1,38,39,-1,155.0,0.0,155.0,-3,-5,0,-2,-1,-1,-6,-2,-2,-2,5,-2,2580.0
Blitz,-1,1585,1614,B10,Caro-Kann Defense,300+3,Normal,32,32,0,3,7,3,5,-2,1,1,4,3,1,12,11,1,0,0,0,0,1,1,0,0,43,34,9,183.0,0.0,183.0,2,1,0,0,-1,9,2,0,4,0,5,0,2464.0
Classical,-1,1562,1553,B32,Sicilian Defense: Open,1800+0,Normal,31,32,-1,3,11,3,5,-6,1,1,3,4,-1,10,12,-2,0,0,0,0,1,1,0,0,32,33,-1,106.0,0.0,106.0,-2,-2,0,-2,-2,-1,2,2,8,-5,7,-2,2048.0
Blitz,-1,1779,1824,B20,Sicilian Defense: Bowdler Attack,180+0,Normal,25,25,0,1,5,3,11,6,0,2,2,4,-2,11,12,-1,0,0,0,0,1,0,0,0,40,45,-5,112.0,0.0,112.0,-4,-1,2,-1,-4,-5,-3,0,-13,5,-5,0,2125.0
Blitz,0,1475,1485,B21,Sicilian Defense: McDonnell Attack,180+1,Normal,34,35,-1,3,5,2,2,-3,1,2,4,4,0,9,11,-2,0,0,0,0,1,1,0,0,34,48,-14,127.0,0.0,127.0,-6,-2,-1,-1,-1,-14,-1,0,-8,4,-7,-2,2836.0
Rapid,-1,2059,2067,C01,French Defense: Exchange Variation,600+0,Normal,37,37,0,3,5,3,3,-2,0,2,3,3,0,10,13,-3,0,0,0,0,1,1,0,0,41,54,-13,147.0,0.0,147.0,-4,-3,0,1,2,-13,-4,-5,-2,5,-4,0,3515.0
Rapid,-1,1575,1634,B00,Pirc Defense,600+0,Normal,33,33,0,1,1,2,2,1,2,1,4,2,2,13,9,4,0,0,0,0,1,1,0,0,32,30,2,128.0,0.0,128.0,2,4,1,1,0,2,5,3,-8,4,-1,0,2046.0
Rapid,1,1844,1769,D00,Queen's Pawn Game: Accelerated London System,600+0,Normal,34,36,-2,4,12,1,3,-9,1,0,3,4,-1,8,12,-4,0,0,0,0,1,1,0,0,25,45,-20,92.0,0.0,92.0,-7,-4,-3,1,3,-20,-5,-2,2,-3,-5,2,2470.0
Rapid,-1,1671,1693,A53,Old Indian Defense,600+0,Normal,35,35,0,1,9,6,8,-1,1,1,3,4,-1,13,10,3,0,0,0,0,1,1,0,0,46,32,14,209.0,0.0,209.0,4,3,5,-2,-2,14,7,5,2,4,0,0,2730.0
Rapid,-1,1429,1354,B10,Caro-Kann Defense: Hillbilly Attack,600+0,Normal,34,33,1,6,18,5,11,-7,1,1,2,4,-2,10,13,-3,0,0,1,1,0,0,0,2,44,51,-7,177.0,0.0,177.0,3,-3,-1,3,2,-7,-2,-1,-4,0,-2,2,3179.0
Blitz,-1,1463,1459,D00,Queen's Pawn Game: Accelerated London System,300+0,Normal,28,30,-2,5,4,2,4,0,0,1,3,2,1,9,12,-3,1,1,1,1,0,0,2,2,3,40,-37,9.0,0.0,9.0,-5,-3,-3,-1,0,-37,-7,2,6,-5,1,-4,1284.0
Blitz,1,1549,1553,C44,Scotch Game,300+0,Normal,34,31,3,3,7,3,3,-4,0,1,3,4,-1,13,11,2,0,0,0,0,1,0,0,0,42,40,2,191.0,0.0,191.0,4,2,0,0,2,2,3,2,3,4,-3,0,2668.0
Blitz,-1,1630,1732,B23,"Sicilian Defense: Closed, Traditional",300+0,Normal,35,35,0,0,0,2,2,2,1,1,4,3,1,12,11,1,0,0,0,0,1,1,0,0,37,30,7,150.0,0.0,150.0,3,1,2,-1,0,7,3,2,2,2,2,1,2345.0
Blitz,-1,1767,1869,B06,Modern Defense,300+0,Normal,31,31,0,2,2,0,0,-2,2,0,2,3,-1,9,12,-3,0,0,0,0,1,1,0,0,29,46,-17,133.0,0.0,133.0,-6,-3,-2,1,0,-17,-2,-2,-5,1,-9,0,2325.0
Blitz,-1,1418,1417,C50,Italian Game: Anti-Fried Liver Defense,300+0,Normal,29,28,1,2,10,3,11,1,0,0,3,2,1,11,11,0,0,0,0,0,1,1,0,0,36,47,-11,163.0,0.0,163.0,-5,0,1,2,2,-11,-3,-6,0,-1,0,2,2360.0
Blitz,1,1702,1358,C41,Philidor Defense,300+0,Normal,32,30,2,3,11,4,10,-1,1,1,3,3,0,12,11,1,0,0,0,0,1,0,0,0,44,35,9,198.0,0.0,198.0,6,1,1,0,-2,9,9,-2,-3,0,7,4,2458.0
Blitz,-1,2180,2259,B12,Caro-Kann Defense: Advance Variation,300+0,Normal,36,36,0,3,3,2,4,1,2,1,3,4,-1,12,13,-1,0,0,1,1,1,0,0,2,36,41,-5,169.0,0.0,169.0,-1,-1,-1,1,0,-5,1,3,-4,-1,1,0,2772.0
Rapid,0,2032,2023,C26,"Bishop's Opening: Vienna Hybrid, Spielmann Attack",600+0,Normal,29,29,0,3,2,3,7,5,1,1,3,2,1,11,7,4,0,0,0,0,0,1,0,0,5,29,-24,0.0,0.0,0.0,3,4,0,0,0,-24,1,4,6,-2,6,0,986.0
Rapid,1,1985,1918,B10,Caro-Kann Defense: Accelerated Panov Attack,600+0,Normal,34,34,0,1,1,4,6,5,1,1,3,3,0,11,10,1,0,0,0,0,1,1,0,0,51,38,13,205.0,0.0,205.0,5,1,3,-1,0,13,5,-7,-8,13,8,0,3026.0
Rapid,-1,1848,1834,D00,Queen's Pawn Game: Chigorin Variation,600+0,Normal,33,33,0,0,0,2,2,2,1,1,4,2,2,13,8,5,0,0,1,1,1,0,0,2,35,26,9,133.0,0.0,133.0,9,5,2,0,2,9,5,3,2,6,3,0,2013.0
Rapid,0,1902,1897,B21,"Sicilian Defense: Smith-Morra Gambit Declined, Center Formation",600+0,Normal,33,34,-1,2,4,5,7,3,1,1,3,1,2,12,10,2,1,1,0,0,0,0,2,0,46,31,15,240.0,0.0,240.0,6,2,3,-2,-2,15,6,7,-4,8,-2,-2,2572.0
Rapid,1,1580,1543,C30,King's Gambit Declined: Petrov's Defense,600+0,Normal,29,31,-2,4,16,2,10,-6,0,1,3,4,-1,11,14,-3,0,0,0,0,0,1,0,0,45,45,0,184.0,0.0,184.0,-4,-3,-2,-2,-3,0,0,-8,2,9,-5,0,2700.0
Rapid,-1,1505,1478,C40,King's Pawn Game: Damiano Defense,600+0,Normal,34,34,0,3,3,3,7,4,0,1,2,3,-1,10,14,-4,0,0,1,1,1,0,0,2,42,39,3,160.0,0.0,160.0,-1,-4,0,1,1,3,-4,-11,-11,16,2,0,2754.0
Blitz,1,1699,1667,D00,Queen's Pawn Game,300+0,Normal,35,34,1,2,4,3,7,3,1,0,3,3,0,11,11,0,0,0,0,0,1,1,0,0,41,44,-3,183.0,0.0,183.0,-2,0,1,2,0,-3,-2,4,2,-8,-3,2,2931.0
Rapid,0,1621,1654,D05,Queen's Pawn Game: Colle System,600+0,Normal,28,31,-3,2,2,3,5,3,0,1,1,1,0,9,9,0,1,0,0,0,0,1,1,0,32,37,-5,139.0,0.0,139.0,-2,0,1,-1,-2,-5,-3,1,-8,0,-1,0,2043.0
Blitz,1,1578,1585,C44,Scotch Game: Lolli Variation,240+4,Normal,19,19,0,3,5,1,3,-2,0,0,2,1,1,6,6,0,1,1,1,1,0,0,2,2,27,25,2,56.0,0.0,56.0,-1,0,-2,1,0,2,1,0,0,1,-5,-1,988.0
Blitz,-1,1778,1893,B06,Modern Defense,180+2,Normal,35,36,-1,2,2,2,2,0,2,0,4,2,2,11,9,2,0,0,0,0,1,1,0,0,42,32,10,154.0,0.0,154.0,3,2,0,-2,0,10,3,1,8,-1,3,-2,2622.0
Blitz,1,1738,1690,A40,English Defense,180+0,Normal,29,32,-3,1,0,1,1,1,0,1,3,2,1,9,9,0,0,0,1,1,1,0,0,2,4,31,-27,0.0,0.0,0.0,3,0,0,-4,-4,-27,2,3,-8,7,1,-5,1108.0
Blitz,-1,2311,2271,B30,Sicilian Defense: Nyezhmetdinov-Rossolimo Attack,180+0,Normal,34,35,-1,2,6,3,5,-1,2,1,3,3,0,12,11,1,0,0,0,0,1,1,0,0,54,35,19,240.0,0.0,240.0,4,1,1,-3,-3,19,6,3,8,-6,7,-2,3061.0
Blitz,1,1960,2008,B01,Scandinavian Defense,180+0,Normal,32,32,0,3,3,1,1,-2,1,1,4,4,0,12,13,-1,0,0,0,0,1,1,0,0,44,41,3,188.0,0.0,188.0,2,-1,-2,1,1,3,1,-1,-6,9,2,0,2720.0
Blitz,1,1633,1530,C00,French Defense: Franco-Sicilian Defense,300+3,Normal,31,31,0,3,7,3,7,0,2,1,1,3,-2,11,9,2,0,0,1,1,1,0,0,2,42,44,-2,196.0,0.0,196.0,3,2,0,1,2,-2,3,2,2,-2,0,0,2666.0
Blitz,-1,1505,1503,C54,"Italian Game: Classical Variation, Giuoco Pianissimo, with h6",300+3,Normal,36,36,0,2,4,4,4,0,1,1,3,2,1,13,11,2,0,0,0,0,1,1,0,0,41,37,4,160.0,0.0,160.0,6,2,2,0,0,4,2,-1,10,-5,-4,0,2808.0
Blitz,1,2044,2096,B50,Sicilian Defense: Modern Variations,300+3,Normal,31,30,1,1,5,2,2,-3,1,0,3,2,1,11,7,4,0,0,0,0,1,1,0,0,31,30,1,123.0,0.0,123.0,4,4,1,0,1,1,6,1,0,7,1,-4,1861.0
Blitz,-1,1643,1726,B00,Owen Defense,300+3,Normal,32,32,0,2,4,3,5,1,1,0,4,4,0,13,10,3,0,0,0,0,1,1,0,0,39,34,5,180.0,0.0,180.0,5,3,1,-1,-1,5,6,6,2,0,1,0,2336.0
Blitz,1,1583,1729,C02,"French Defense: Advance Variation, Paulsen Attack",180+1,Normal,31,31,0,2,2,0,0,-2,1,1,2,3,-1,11,11,0,0,0,1,1,1,0,0,2,36,42,-6,139.0,0.0,139.0,2,0,-2,-1,1,-6,1,-9,2,3,5,0,2418.0
Blitz,-1,1763,1848,B20,Sicilian Defense: Bowdler Attack,240+3,Normal,34,34,0,3,4,0,0,-4,1,1,2,4,-2,10,13,-3,0,0,0,0,1,1,0,0,3,50,-47,8.0,0.0,8.0,-6,-3,-3,1,1,-47,-4,-5,6,-11,-4,0,1802.0
Blitz,1,2003,1872,A20,"English Opening: King's English Variation, Nimzowitsch-Flohr Variation",300+0,Normal,37,38,-1,3,13,4,8,-5,1,0,3,4,-1,10,12,-2,0,0,1,1,1,0,0,2,45,38,7,160.0,0.0,160.0,-1,-2,1,-1,-2,7,-4,-5,5,1,2,-2,3109.0
Rapid,1,1771,1737,B00,Borg Defense,600+0,Normal,33,33,0,1,9,5,15,6,2,1,4,3,1,14,10,4,0,0,1,1,1,0,0,2,37,37,0,156.0,0.0,156.0,4,4,4,1,2,0,5,-1,0,-1,1,0,2442.0
Rapid,1,1642,1653,C22,Center Game: Paulsen Attack Variation,600+0,Normal,29,28,1,4,8,0,0,-8,1,0,4,1,3,10,9,1,0,0,0,0,1,0,0,0,22,33,-11,53.0,0.0,53.0,-4,1,-4,1,3,-11,-4,0,3,-5,-1,2,1562.0
Rapid,-1,1732,1726,B54,"Sicilian Defense: Modern Variations, Main Line",600+0,Normal,26,28,-2,3,5,2,4,-1,1,0,2,3,-1,8,11,-3,0,0,0,0,1,1,0,0,34,38,-4,96.0,0.0,96.0,-5,-3,-1,2,1,-4,-1,0,-6,-2,-1,2,1948.0
Rapid,-1,1452,1452,C23,Bishop's Opening,600+0,Normal,32,32,0,2,2,1,3,1,1,1,3,4,-1,12,10,2,0,0,1,1,1,0,0,2,30,36,-6,137.0,0.0,137.0,2,2,-1,0,2,-6,2,4,-6,0,1,0,2112.0
Rapid,1,1623,1430,C20,Center Game,600+0,Normal,23,21,2,2,6,2,4,-2,0,0,2,2,0,9,7,2,0,0,0,0,1,1,0,0,28,30,-2,71.0,0.0,71.0,0,2,0,0,-2,-2,2,0,-5,1,-2,4,1274.0
Rapid,-1,1705,1718,A00,Hungarian Opening: Slav Formation,600+0,Normal,36,36,0,2,2,1,1,-1,1,1,4,4,0,10,12,-2,0,0,0,0,1,1,0,0,35,33,2,110.0,0.0,110.0,-3,-2,-1,0,1,2,-2,-5,4,4,0,0,2448.0
Blitz,1,1809,1901,B20,Sicilian Defense: Staunton-Cochrane Variation,180+2,Normal,35,34,1,1,1,1,1,0,1,1,4,4,0,10,11,-1,0,0,0,0,1,1,0,0,29,34,-5,101.0,0.0,101.0,-1,-1,0,0,1,-5,1,-3,8,-5,2,2,2171.0
Blitz,1,1741,1666,A00,Hungarian Opening: Reversed Modern Defense,180+2,Normal,34,35,-1,0,0,3,5,5,1,2,4,3,1,10,12,-2,0,0,1,1,1,0,0,2,28,38,-10,126.0,0.0,126.0,-4,-2,3,-1,1,-10,-5,2,-10,5,0,-2,2282.0
Blitz,-1,1413,1384,B00,Owen Defense,180+2,Normal,25,31,-6,5,11,3,7,-4,1,0,4,3,1,12,13,-1,0,0,0,0,1,1,0,0,46,53,-7,132.0,0.0,132.0,-8,-1,-2,0,-1,-7,-5,-17,0,12,-1,0,2793.0
Blitz,1,1767,1790,A40,Horwitz Defense,180+2,Normal,29,30,-1,1,3,3,9,6,1,1,3,2,1,11,11,0,1,1,0,0,0,1,2,0,38,43,-5,191.0,0.0,191.0,-1,0,2,1,-2,-5,0,5,-8,-3,-2,4,2392.0
Blitz,1,1497,1491,D02,Queen's Pawn Game: Anti-Torre,300+0,Normal,34,34,0,4,6,2,4,-2,2,1,3,3,0,11,11,0,0,0,0,0,1,1,0,0,31,44,-13,130.0,0.0,130.0,-2,0,-2,0,1,-13,-2,1,-8,3,-3,0,2550.0
Blitz,-1,1403,1382,C40,King's Pawn Game: McConnell Defense,180+0,Normal,35,35,0,1,1,1,1,0,1,1,3,3,0,12,11,1,0,0,1,1,1,0,0,2,33,33,0,168.0,0.0,168.0,2,1,0,0,2,0,2,2,-2,4,-1,0,2310.0
Rapid,-1,1884,1912,D35,Queen's Gambit Declined: Exchange Variation,600+5,Normal,35,35,0,3,5,4,6,1,2,1,4,3,1,13,12,1,0,0,0,0,1,1,0,0,45,44,1,175.0,0.0,175.0,1,1,1,-1,1,1,1,0,10,-9,1,0,3115.0
Rapid,-1,1809,1716,B50,Sicilian Defense,600+5,Normal,32,32,0,2,4,3,5,1,2,0,4,3,1,14,11,3,0,0,0,0,1,1,0,0,46,35,11,206.0,0.0,206.0,4,3,1,-2,-2,11,5,3,0,3,0,0,2592.0
Blitz,0,1434,1426,C44,Scotch Game: Lolli Variation,300+0,Normal,32,32,0,3,5,2,2,-3,1,0,3,4,-1,10,13,-3,0,0,0,0,0,0,0,0,35,36,-1,164.0,0.0,164.0,-6,-3,-1,-1,-3,-1,0,1,8,-8,-5,0,2272.0
Blitz,1,2107,2126,A40,Englund Gambit: Hartlaub-Charlick Gambit,300+0,Normal,26,25,1,1,1,2,2,1,1,0,4,2,2,11,9,2,0,0,0,0,0,0,0,0,32,42,-10,71.0,0.0,71.0,1,2,1,3,1,-10,1,0,-7,4,-9,2,1882.0
Blitz,-1,1662,1759,C42,Petrov's Defense: Italian Variation,300+0,Normal,23,31,-8,4,12,3,11,-1,1,0,2,2,0,9,9,0,0,0,0,0,1,1,0,0,20,37,-17,42.0,0.0,42.0,-11,0,-1,-2,-3,-17,-9,-17,0,1,2,2,1607.0
Blitz,-1,1835,1844,B01,Scandinavian Defense: Main Line,300+0,Normal,35,35,0,2,10,5,9,-1,1,1,3,3,0,13,12,1,0,0,0,0,1,1,0,0,48,42,6,225.0,0.0,225.0,-1,1,3,-1,-2,6,0,5,0,-3,3,0,3150.0
Blitz,-1,1621,1623,C48,"Four Knights Game: Spanish Variation, Rubinstein Variation",300+0,Normal,32,32,0,2,6,1,1,-5,0,0,4,4,0,9,12,-3,0,0,0,0,1,1,0,0,28,32,-4,93.0,0.0,93.0,-4,-3,-1,0,1,-4,-3,-3,16,-15,-1,0,1920.0
Blitz,1,1930,1956,D00,Queen's Pawn Game: Levitsky Attack,300+0,Normal,36,35,1,0,0,2,2,2,0,1,4,3,1,11,10,1,1,1,0,0,0,1,2,0,37,36,1,132.0,0.0,132.0,1,1,2,0,0,1,1,-2,-4,8,-2,2,2592.0
Blitz,1,1915,1852,B98,"Sicilian Defense: Najdorf Variation, Traditional Line",300+0,Normal,35,38,-3,3,5,3,5,0,1,1,4,3,1,11,11,0,0,0,1,0,0,0,0,1,35,37,-2,131.0,0.0,131.0,2,0,0,1,0,-2,1,1,-10,1,1,0,2631.0
Blitz,-1,1513,1598,C48,"Four Knights Game: Spanish Variation, Classical Variation",300+0,Normal,21,19,2,0,0,2,2,2,1,0,1,2,-1,8,7,1,0,0,0,0,1,1,0,0,33,27,6,94.0,0.0,94.0,4,1,2,0,1,6,-1,0,8,-1,0,-2,1206.0
Blitz,1,2177,2169,C88,Ruy Lopez: Closed,300+0,Normal,39,39,0,2,2,1,1,-1,1,1,3,4,-1,10,12,-2,0,0,0,0,1,1,0,0,36,42,-6,121.0,0.0,121.0,-2,-2,-1,0,0,-6,-2,-3,-6,1,-1,0,3042.0
Blitz,1,1557,1526,D38,Queen's Gambit Declined: Ragozin Defense,180+2,Normal,31,27,4,2,2,1,1,-1,1,1,3,2,1,10,10,0,0,0,0,0,1,1,0,0,32,31,1,133.0,0.0,133.0,3,0,-1,0,3,1,-2,-1,2,5,6,-1,1829.0
